Time (s),Speed (m/s),Acceleration (m/s^2),Elevation (m),Latitude,Longitude,Battery Voltage (V),Battery Current (A),Motor Temp (C),Brake Applied
0,0,0.0,10.0,12.9716,77.5946,54.0,0.2783132295748381,25.000278313229575,False
1,0,0.0,10.019999666668333,12.9716,77.5946,54.0,0.20350288287497623,25.00048181611245,False
2,0,0.0,10.039997333386665,12.9716,77.5946,54.0,-0.2054523141524725,25.000276363798296,False
3,0,0.0,10.059991000404992,12.9716,77.5946,54.0,-0.03594853075260905,25.000240415267545,False
4,0,0.0,10.079978668373268,12.9716,77.5946,54.0,-0.17241168281005204,25.000068003584733,False
5,0,0.0,10.099958338541356,12.9716,77.5946,54.0,-0.20295550041589336,24.99986504808432,False
6,0,0.0,10.119928012958889,12.9716,77.5946,54.0,-0.1998622585384806,24.99966518582578,False
7,0,0.0,10.139885694675066,12.9716,77.5946,54.0,0.009680059727236862,24.999674865885506,False
8,0,0.0,10.159829387938345,12.9716,77.5946,54.0,-0.38168642101470057,24.999293179464495,False
9,0,0.5,10.179757098396022,12.9716,77.5946,54.0,0.054344432071606955,24.999347523896564,False
10,1,0.5,10.199666833293657,12.97161,77.59461,53.9999,0.36307071616176695,24.999710594612726,False
11,1,0.0,10.21955660167435,12.97162,77.59462,53.9998,0.2002726174446107,24.99991086723017,False
12,1,0.0,10.239424414577838,12.971630000000001,77.59463,53.9997,0.1416185895664664,25.000052485819737,False
13,1,0.0,10.25926828523939,12.97164,77.59464,53.9996,-0.0866985414197558,24.999965787278317,False
14,1,0.0,10.279086229288472,12.97165,77.59465,53.9995,0.37775424951653547,25.000343541527833,False
15,1,0.0,10.298876264947198,12.97166,77.59466,53.9994,0.548692916552068,25.000892234444386,False
16,1,0.0,10.318636413228491,12.97167,77.59467,53.9993,0.28278269716200216,25.00117501714155,False
17,1,0.0,10.338364698133992,12.971680000000001,77.59468,53.9992,0.23897574589610668,25.001413992887443,False
18,1,0.0,10.358059146851648,12.97169,77.59469,53.9991,0.41475279621318184,25.001828745683657,False
19,1,0.5,10.377717789953001,12.9717,77.5947,53.999,0.4449458024564549,25.002273691486113,False
20,2,0.5,10.397338661590123,12.971720000000001,77.59472,53.9988,0.2023955197620329,25.002476087005874,False
21,2,0.0,10.416919799692199,12.97174,77.59474,53.9986,0.5331657129895523,25.003009252718865,False
22,2,0.0,10.43645924616174,12.97176,77.59476,53.9984,0.49238361766982797,25.003501636336534,False
23,2,0.0,10.455955047070377,12.97178,77.59478,53.9982,0.5412371528061393,25.004042873489343,False
24,2,0.0,10.47540525285427,12.9718,77.5948,53.998,0.6540249654704069,25.00469689845481,False
25,2,0.0,10.494807918509046,12.971820000000001,77.59482,53.9978,0.35109709949172546,25.005047995554303,False
26,2,0.0,10.51416110378431,12.97184,77.59484,53.9976,0.5716042084916572,25.005619599762795,False
27,2,0.0,10.533462873377662,12.971860000000001,77.59486,53.9974,0.6061751214581728,25.006225774884253,False
28,2,0.0,10.552711297128228,12.97188,77.59488,53.9972,0.8012263753125514,25.007027001259566,False
29,2,0.5,10.57190445020967,12.9719,77.5949,53.997,0.6171032325559063,25.007644104492122,False
30,3,0.5,10.591040413322679,12.97193,77.59493,53.9967,1.1066404912612984,25.008750744983384,False
31,3,0.0,10.610117272886887,12.971960000000001,77.59496,53.9964,0.559464962452275,25.009310209945834,False
32,3,0.0,10.629133121232236,12.97199,77.59499,53.9961,0.7149971291063817,25.010025207074943,False
33,3,0.0,10.648086056789737,12.97202,77.59502,53.9958,0.71308324031192,25.010738290315253,False
34,3,0.0,10.66697418428163,12.972050000000001,77.59505,53.9955,0.9055887956004108,25.011643879110853,False
35,3,0.0,10.685795614910903,12.97208,77.59508,53.9952,0.6636835113152552,25.01230756262217,False
36,3,0.0,10.70454846655018,12.97211,77.59511,53.9949,0.4173349609153864,25.012724897583084,False
37,3,0.0,10.723230863929924,12.972140000000001,77.59514,53.9946,0.5045627555233192,25.013229460338607,False
38,3,0.0,10.741840938825966,12.97217,77.59517,53.9943,0.9722121355751939,25.014201672474183,False
39,3,0.5,10.760376830246322,12.9722,77.5952,53.994,0.563055337358983,25.014764727811542,False
40,4,0.5,10.778836684617302,12.972240000000001,77.59524,53.9936,0.9038017025745267,25.015668529514116,False
41,4,0.0,10.797218655968846,12.97228,77.59528,53.9932,1.3588497941000324,25.017027379308217,False
42,4,0.0,10.81552090611914,12.97232,77.59532,53.9928,1.097668675834345,25.01812504798405,False
43,4,0.0,10.833741604858421,12.97236,77.59536,53.9924,0.7939477013666942,25.018918995685418,False
44,4,0.0,10.851878930132,12.9724,77.5954,53.992,0.8776147514614947,25.01979661043688,False
45,4,0.0,10.86993106822246,12.97244,77.59544,53.9916,0.922168822921032,25.020718779259802,False
46,4,0.0,10.88789621393104,12.972480000000001,77.59548,53.9912,0.7862817082082965,25.021505060968007,False
47,4,0.0,10.905772570758137,12.972520000000001,77.59552,53.9908,0.9339650877488063,25.022439026055757,False
48,4,0.0,10.923558351082965,12.97256,77.59556,53.9904,1.0701757288308413,25.023509201784588,False
49,4,0.5,10.941251776342316,12.9726,77.5956,53.99,1.1857154920033788,25.02469491727659,False
50,5,0.5,10.958851077208406,12.97265,77.59565,53.9895,1.0562393935150507,25.025751156670108,False
51,5,0.0,10.976354493765815,12.9727,77.5957,53.989,1.4240996836850868,25.027175256353793,False
52,5,0.0,10.993760275687473,12.972750000000001,77.59575,53.9885,1.660902807442386,25.028836159161234,False
53,5,0.0,11.011066682409695,12.972800000000001,77.5958,53.988,1.3770940545734034,25.03021325321581,False
54,5,0.0,11.028271983306226,12.972850000000001,77.59585,53.9875,1.396648536423986,25.031609901752233,False
55,5,0.0,11.045374457861318,12.972900000000001,77.5959,53.987,1.083605011310617,25.032693506763543,False
56,5,0.0,11.062372395841766,12.97295,77.59595,53.9865,1.562406039036337,25.03425591280258,False
57,5,0.0,11.079264097467938,12.973,77.596,53.986,1.4577365452883704,25.035713649347866,False
58,5,0.0,11.096047873583746,12.97305,77.59605,53.9855,1.3149030832660948,25.03702855243113,False
59,5,0.5,11.112722045825567,12.9731,77.59609999999999,53.985,1.1313451147244413,25.038159897545857,False
60,6,0.5,11.12928494679007,12.97316,77.59616,53.9844,1.6694625979237676,25.03982936014378,False
61,6,0.0,11.145734920200962,12.973220000000001,77.59622,53.9838,1.7377711795689663,25.04156713132335,False
62,6,0.0,11.16207032107461,12.97328,77.59628,53.9832,1.5052402326306207,25.04307237155598,False
63,6,0.0,11.178289515884538,12.97334,77.59634,53.9826,1.409238413693499,25.044481609969676,False
64,6,0.0,11.194390882724784,12.9734,77.5964,53.982,1.2455796987336771,25.04572718966841,False
65,6,0.0,11.210372811472078,12.973460000000001,77.59646,53.9814,1.6587496322616242,25.04738593930067,False
66,6,0.0,11.226233703946868,12.97352,77.59652,53.9808,1.6507545772338177,25.049036693877902,False
67,6,0.0,11.241971974073119,12.97358,77.59658,53.9802,1.7331772194606394,25.050769871097366,False
68,6,0.0,11.257586048036938,12.97364,77.59664,53.9796,1.3358333377775917,25.052105704435142,False
69,6,0.5,11.273074364443936,12.973700000000001,77.5967,53.979,1.4497766455983243,25.05355548108074,False
70,7,0.5,11.288435374475382,12.97377,77.59677,53.9783,1.3771000123354793,25.054932581093077,False
71,7,0.0,11.303667542043073,12.973840000000001,77.59684,53.9776,1.3802290457848074,25.05631281013886,False
72,7,0.0,11.318769343942947,12.97391,77.59691,53.9769,1.8636669595476425,25.058176477098407,False
73,7,0.0,11.333739270007396,12.973980000000001,77.59698,53.9762,1.4515980220528697,25.05962807512046,False
74,7,0.0,11.34857582325629,12.97405,77.59705,53.9755,1.5804609772740628,25.061208536097734,False
75,7,0.0,11.363277520046669,12.974120000000001,77.59712,53.9748,2.1035870081441264,25.063312123105877,False
76,7,0.0,11.377842890221103,12.97419,77.59719,53.9741,1.5700974048342518,25.064882220510714,False
77,7,0.0,11.392270477254714,12.974260000000001,77.59726,53.9734,1.9584401976173924,25.06684066070833,False
78,7,0.0,11.406558838400821,12.97433,77.59733,53.9727,1.5511067465526072,25.068391767454884,False
79,7,0.5,11.420706544835216,12.974400000000001,77.5974,53.972,1.8163404539679475,25.07020810790885,False
80,8,0.5,11.434712181799046,12.97448,77.59748,53.9712,2.1387526507375,25.072346860559588,False
81,8,0.0,11.448574348740285,12.97456,77.59756,53.9704,2.0572734211682935,25.074404133980757,False
82,8,0.0,11.462291659453792,12.97464,77.59764,53.9696,1.9874951133610779,25.07639162909412,False
83,8,0.0,11.475862742219926,12.97472,77.59772,53.9688,2.2458083509600337,25.078637437445078,False
84,8,0.0,11.48928623994172,12.9748,77.5978,53.968,2.010642175239697,25.080648079620318,False
85,8,0.0,11.502560810280585,12.97488,77.59788,53.9672,1.4437762343068248,25.082091855854625,False
86,8,0.0,11.515685125790554,12.974960000000001,77.59796,53.9664,2.1711818611483094,25.084263037715772,False
87,8,0.0,11.52865787405101,12.97504,77.59804,53.9656,2.3079575838985282,25.08657099529967,False
88,8,0.0,11.541477757797939,12.97512,77.59812,53.9648,2.1661078027463714,25.088737103102417,False
89,8,0.5,11.554143495053648,12.975200000000001,77.5982,53.964,1.7565888160827103,25.0904936919185,False
90,9,0.5,11.566653819254967,12.975290000000001,77.59829,53.9631,2.326030359603174,25.092819722278104,False
91,9,0.0,11.579007479379902,12.975380000000001,77.59838,53.9622,2.235214174062053,25.095054936452165,False
92,9,0.0,11.591203240072732,12.97547,77.59847,53.9613,2.1626872984122807,25.097217623750577,False
93,9,0.0,11.603239881767555,12.97556,77.59856,53.9604,2.0996737576147035,25.099317297508193,False
94,9,0.0,11.61511620081023,12.97565,77.59865,53.9595,2.256157046058471,25.101573454554252,False
95,9,0.0,11.626831009578748,12.97574,77.59874,53.9586,2.15167530343719,25.10372512985769,False
96,9,0.0,11.638383136601997,12.97583,77.59883,53.9577,2.2822781178127274,25.1060074079755,False
97,9,0.0,11.6497714266769,12.97592,77.59892,53.9568,2.3628994648769917,25.108370307440378,False
98,9,0.0,11.660994740983941,12.97601,77.59900999999999,53.9559,2.326468497053142,25.11069677593743,False
99,9,0.5,11.672051957201042,12.9761,77.59909999999999,53.955,2.489773073056002,25.113186549010486,False
100,10,0.5,11.682941969615793,12.9762,77.5992,53.954,2.60063779738159,25.115787186807868,False
101,10,0.0,11.69366368923603,12.9763,77.5993,53.953,2.167114154063129,25.117954300961934,False
102,10,0.0,11.704216043898725,12.9764,77.5994,53.952,2.5641278119060407,25.12051842877384,False
103,10,0.0,11.714597978377206,12.9765,77.5995,53.951,2.241684418363402,25.1227601131922,False
104,10,0.0,11.724808454486677,12.976600000000001,77.5996,53.95,2.5016224829187763,25.12526173567512,False
105,10,0.0,11.734846451188034,12.976700000000001,77.5997,53.949,2.474621788008963,25.127736357463128,False
106,10,0.0,11.744710964689972,12.9768,77.5998,53.948,2.539147680849923,25.130275505143977,False
107,10,0.0,11.754401008549364,12.9769,77.5999,53.947,2.8159630399773765,25.133091468183956,False
108,10,0.0,11.763915613769894,12.977,77.6,53.946,2.233201395811638,25.135324669579767,False
109,10,0.0,11.773253828898975,12.9771,77.6001,53.945,2.4612417930113892,25.13778591137278,False
110,10,0.0,11.78241472012287,12.9772,77.6002,53.944,2.398879649334438,25.140184791022115,False
111,10,0.0,11.791397371360095,12.9773,77.6003,53.943,2.6219413509205274,25.142806732373035,False
112,10,0.0,11.80020088435301,12.977400000000001,77.6004,53.942,2.7389898646675883,25.145545722237703,False
113,10,0.0,11.808824378757652,12.977500000000001,77.6005,53.941,2.5568746423215005,25.148102596880022,False
114,10,0.0,11.817266992231767,12.9776,77.6006,53.94,2.538482155164624,25.15064107903519,False
115,10,0.0,11.825527880521042,12.9777,77.6007,53.939,2.120212195034291,25.152761291230224,False
116,10,0.0,11.833606217543533,12.9778,77.6008,53.938,2.3712654155964468,25.155132556645817,False
117,10,0.0,11.84150119547227,12.9779,77.6009,53.937,2.4383652131410094,25.15757092185896,False
118,10,0.0,11.84921202481604,12.978,77.601,53.936,2.6211964500154035,25.160192118308977,False
119,10,0.0,11.856737934498334,12.978100000000001,77.6011,53.935,2.232034645933417,25.16242415295491,False
120,10,0.0,11.864078171934452,12.978200000000001,77.6012,53.934,2.7538918750014036,25.16517804482991,False
121,10,0.0,11.871232003106773,12.9783,77.6013,53.933,2.303229746679433,25.16748127457659,False
122,10,0.0,11.878198712638135,12.9784,77.6014,53.932,2.4204979385312475,25.16990177251512,False
123,10,0.0,11.884977603863394,12.9785,77.6015,53.931,2.5897928696713777,25.172491565384792,False
124,10,0.0,11.891567998899077,12.9786,77.6016,53.93,2.821637751685585,25.17531320313648,False
125,10,0.0,11.897969238711173,12.9787,77.6017,53.929,2.5006165521824584,25.17781381968866,False
126,10,0.0,11.904180683181032,12.9788,77.6018,53.928,2.6661891902953867,25.180480008878956,False
127,10,0.0,11.910201711169385,12.978900000000001,77.6019,53.927,2.781773897373401,25.18326178277633,False
128,10,0.0,11.91603172057845,12.979000000000001,77.602,53.926,2.202954993182767,25.18546473776951,False
129,10,0.0,11.921670128412146,12.9791,77.6021,53.925,2.7892238009885983,25.1882539615705,False
130,10,0.0,11.927116370834387,12.9792,77.6022,53.924,2.74099519067215,25.190994956761173,False
131,10,0.0,11.932369903225469,12.9793,77.6023,53.923,2.727449522467032,25.19372240628364,False
132,10,0.0,11.93743020023653,12.9794,77.6024,53.922,2.5172544336266,25.196239660717268,False
133,10,0.0,11.94229675584209,12.9795,77.6025,53.921,2.5559482848021324,25.19879560900207,False
134,10,0.0,11.94696908339064,12.979600000000001,77.6026,53.92,2.4404558476178915,25.201236064849688,False
135,10,0.0,11.951446715653319,12.979700000000001,77.6027,53.919,2.3324523328265863,25.203568517182514,False
136,10,0.0,11.955729204870632,12.979800000000001,77.6028,53.918,2.2018454417060536,25.205770362624218,False
137,10,0.0,11.959816122797228,12.9799,77.6029,53.917,2.441309529355595,25.208211672153574,False
138,10,0.0,11.963707060744719,12.98,77.603,53.916,2.8103230504928898,25.211021995204067,False
139,10,0.0,11.967401629622554,12.9801,77.6031,53.915,2.4981742591274583,25.213520169463195,False
140,10,0.0,11.97089945997692,12.9802,77.6032,53.914,2.500262681661983,25.216020432144855,False
141,10,0.0,11.974200202027701,12.9803,77.6033,53.913,2.6130964332918456,25.21863352857815,False
142,10,0.0,11.977303525703439,12.980400000000001,77.6034,53.912,2.245401978485322,25.220878930556633,False
143,10,0.0,11.980209120674356,12.980500000000001,77.6035,53.911,2.4664613760748773,25.22334539193271,False
144,10,0.0,11.982916696383374,12.9806,77.6036,53.91,2.568352021355387,25.225913743954063,False
145,10,0.0,11.985425982075176,12.9807,77.6037,53.909,2.5955418566143913,25.228509285810677,False
146,10,0.0,11.98773672682329,12.9808,77.6038,53.908,2.494536724047603,25.231003822534728,False
147,10,0.0,11.98984869955516,12.9809,77.6039,53.907,2.489263035926564,25.233493085570654,False
148,10,0.0,11.99176168907528,12.981,77.604,53.906,2.5449241202968116,25.23603800969095,False
149,10,0.0,11.993475504086287,12.9811,77.6041,53.905,2.5693613505697317,25.23860737104152,False
150,10,0.0,11.994989973208108,12.981200000000001,77.6042,53.904,2.76383823191845,25.24137120927344,False
151,10,0.0,11.996304944995096,12.981300000000001,77.6043,53.903,2.5685802117598184,25.243939789485196,False
152,10,0.0,11.997420287951167,12.9814,77.6044,53.902,2.289123501908708,25.246228912987107,False
153,10,0.0,11.998335890542952,12.9815,77.6045,53.901,2.601303805390281,25.248830216792495,False
154,10,0.0,11.99905166121096,12.9816,77.6046,53.9,2.4509063568716423,25.25128112314937,False
155,10,0.0,11.999567528378714,12.9817,77.6047,53.899,2.470007867971698,25.25375113101734,False
156,10,0.0,11.999883440459932,12.9818,77.6048,53.898,2.7069956800700465,25.25645812669741,False
157,10,0.0,11.999999365863669,12.981900000000001,77.6049,53.897,2.3427617213554712,25.258800888418765,False
158,10,0.0,11.99991529299748,12.982000000000001,77.605,53.896,2.8869735894727993,25.261687862008237,False
159,10,0.0,11.999631230268582,12.9821,77.6051,53.895,2.43594922182211,25.26412381123006,False
160,10,0.0,11.99914720608301,12.9822,77.6052,53.894,2.441036370810378,25.266564847600872,False
161,10,0.0,11.998463268842782,12.9823,77.6053,53.893,3.0235578271155292,25.269588405427985,False
162,10,0.0,11.997579486941047,12.9824,77.6054,53.892,2.5920531690772206,25.272180458597063,False
163,10,0.0,11.996495948755264,12.9825,77.6055,53.891,2.8022236212631597,25.274982682218326,False
164,10,0.0,11.995212762638348,12.9826,77.6056,53.89,2.8333622652364645,25.277816044483565,False
165,10,0.0,11.993730056907838,12.982700000000001,77.6057,53.889,2.553577823530045,25.28036962230709,False
166,10,0.0,11.992047979833073,12.982800000000001,77.6058,53.888,2.5990613392320507,25.282968683646324,False
167,10,0.0,11.99016669962036,12.9829,77.6059,53.887,2.621098334238369,25.285589781980562,False
168,10,0.0,11.988086404396151,12.983,77.606,53.886,2.6284905133176193,25.288218272493882,False
169,10,0.0,11.985807302188237,12.9831,77.6061,53.885,2.4241746646716837,25.290642447158554,False
170,10,0.0,11.983329620904938,12.9832,77.6062,53.884,2.3795581189957793,25.29302200527755,False
171,10,0.0,11.980653608312316,12.9833,77.6063,53.883,2.315379927615821,25.295337385205166,False
172,10,0.0,11.977779532009404,12.9834,77.6064,53.882,2.3552420509009466,25.297692627256065,False
173,10,0.0,11.974707679401433,12.983500000000001,77.6065,53.881,2.421368733637027,25.3001139959897,False
174,10,0.0,11.971438357671108,12.983600000000001,77.6066,53.88,2.2780546988327517,25.302392050688535,False
175,10,0.0,11.967971893747874,12.9837,77.6067,53.879,2.076123722511417,25.304468174411046,False
176,10,0.0,11.964308634275238,12.9838,77.60679999999999,53.878,2.4215998162061645,25.30688977422725,False
177,10,0.0,11.960448945576092,12.9839,77.6069,53.877,2.636382097574518,25.30952615632483,False
178,10,0.0,11.95639321361609,12.984,77.607,53.876,2.555393861974123,25.3120815501868,False
179,10,0.0,11.952141843965048,12.9841,77.6071,53.875,2.3533551942289126,25.31443490538103,False
180,10,0.0,11.94769526175639,12.984200000000001,77.6072,53.874,2.735146135907023,25.31717005151694,False
181,10,0.0,11.94305391164463,12.984300000000001,77.6073,53.873,2.7026892212463696,25.319872740738184,False
182,10,0.0,11.938218257760912,12.9844,77.6074,53.872,2.423564047187247,25.32229630478537,False
183,10,0.0,11.933188783666596,12.9845,77.6075,53.871,2.1870440409627054,25.324483348826334,False
184,10,0.0,11.927965992304896,12.9846,77.6076,53.87,2.7379376210196633,25.327221286447354,False
185,10,0.0,11.9225504059506,12.9847,77.6077,53.869,2.6846013940062186,25.32990588784136,False
186,10,0.0,11.916942566157829,12.9848,77.6078,53.868,2.377864655849779,25.332283752497208,False
187,10,0.0,11.911143033705889,12.9849,77.6079,53.867,2.652480086609528,25.334936232583818,False
188,10,0.0,11.905152388543192,12.985000000000001,77.608,53.866,2.383640396819654,25.33731987298064,False
189,10,0.0,11.898971229729261,12.985100000000001,77.6081,53.865,2.452739611647012,25.339772612592284,False
190,10,0.0,11.89260017537483,12.9852,77.6082,53.864,2.601887936275082,25.34237450052856,False
191,10,0.0,11.886039862580022,12.9853,77.6083,53.863,2.4394017372907775,25.34481390226585,False
192,10,0.0,11.87929094737065,12.9854,77.6084,53.862,2.645812617782167,25.347459714883634,False
193,10,0.0,11.872354104632612,12.9855,77.6085,53.861,2.658112854476012,25.35011782773811,False
194,10,0.0,11.865230028044401,12.9856,77.6086,53.86,2.5420914099282426,25.35265991914804,False
195,10,0.0,11.857919430007739,12.9857,77.6087,53.859,2.8954149487305916,25.355555334096767,False
196,10,0.0,11.850423041576336,12.985800000000001,77.6088,53.858,2.6031224088581326,25.358158456505627,False
197,10,0.0,11.84274161238279,12.9859,77.6089,53.857,2.6185026256886244,25.360776959131314,False
198,10,0.0,11.83487591056362,12.986,77.609,53.856,2.809414976335154,25.36358637410765,False
199,10,0.0,11.82682672268245,12.9861,77.6091,53.855,2.1057280799888884,25.36569210218764,False
200,10,0.0,11.818594853651364,12.9862,77.6092,53.854,2.7797649409358933,25.368471867128576,False
201,10,0.0,11.810181126650402,12.9863,77.6093,53.853,2.505593607211305,25.370977460735787,False
202,10,0.0,11.801586383045255,12.9864,77.6094,53.852,2.272781481489191,25.373250242217274,False
203,10,0.0,11.792811482303119,12.986500000000001,77.6095,53.851,2.6539394904415765,25.375904181707718,False
204,10,0.0,11.783857301906759,12.986600000000001,77.6096,53.85,2.615066443594921,25.378519248151314,False
205,10,0.0,11.774724737266752,12.9867,77.6097,53.849,2.22446270133469,25.38074371085265,False
206,10,0.0,11.765414701631947,12.9868,77.60979999999999,53.848,2.6847072820071642,25.383428418134653,False
207,10,0.0,11.755928125998157,12.9869,77.6099,53.847,2.4405562220902173,25.385868974356743,False
208,10,0.0,11.746265959015034,12.987,77.61,53.846,2.5826775246912943,25.388451651881436,False
209,10,0.0,11.736429166891226,12.9871,77.6101,53.845,2.5209326945896264,25.390972584576026,False
210,10,0.0,11.726418733297747,12.9872,77.6102,53.844,2.643062850057555,25.39361564742608,False
211,10,0.0,11.716235659269618,12.987300000000001,77.6103,53.843,2.323832770499548,25.39593948019658,False
212,10,0.0,11.705880963105752,12.987400000000001,77.6104,53.842,2.2522959762741444,25.398191776172858,False
213,10,0.0,11.69535568026714,12.9875,77.6105,53.841,2.489895620927527,25.400681671793784,False
214,10,0.0,11.684660863273292,12.9876,77.6106,53.84,2.7067420610479513,25.40338841385483,False
215,10,0.0,11.673797581596995,12.9877,77.6107,53.839,2.6004568183821535,25.405988870673212,False
216,10,0.0,11.662766921557367,12.9878,77.6108,53.838,2.53146451682508,25.40852033519004,False
217,10,0.0,11.651569986211216,12.9879,77.6109,53.837,2.4879701460906203,25.41100830533613,False
218,10,0.0,11.640207895242748,12.988,77.611,53.836,2.6604077527404772,25.41366871308887,False
219,10,0.0,11.628681784851592,12.988100000000001,77.6111,53.835,2.535493548312105,25.416204206637182,False
220,10,0.0,11.61699280763918,12.9882,77.6112,53.834,2.4757553680213062,25.418679962005204,False
221,10,0.0,11.605142132493494,12.9883,77.6113,53.833,2.948628882625064,25.421628590887828,False
222,10,0.0,11.593130944472174,12.9884,77.6114,53.832,2.7019282009937666,25.424330519088823,False
223,10,0.0,11.58096044468401,12.9885,77.6115,53.831,2.69112924562463,25.427021648334446,False
224,10,0.0,11.56863185016884,12.9886,77.6116,53.83,2.63803848579973,25.429659686820248,False
225,10,0.0,11.556146393775842,12.9887,77.6117,53.829,2.4516599591040995,25.43211134677935,False
226,10,0.0,11.543505324040252,12.988800000000001,77.6118,53.828,2.261091778723019,25.434372438558075,False
227,10,0.0,11.530709905058508,12.988900000000001,77.6119,53.827,2.5271512216276766,25.436899589779703,False
228,10,0.0,11.517761416361843,12.989,77.612,53.826,2.5051766540776788,25.43940476643378,False
229,10,0.0,11.50466115278834,12.9891,77.6121,53.825,2.354190198207518,25.441758956631986,False
230,10,0.0,11.49141042435344,12.9892,77.6122,53.824,2.3040758784159814,25.444063032510403,False
231,10,0.0,11.478010556118942,12.9893,77.6123,53.823,2.6000173434696587,25.44666304985387,False
232,10,0.0,11.464462888060503,12.9894,77.6124,53.822,2.415605306871072,25.449078655160744,False
233,10,0.0,11.450768774933639,12.9895,77.6125,53.821,2.3015524188075545,25.45138020757955,False
234,10,0.0,11.436929586138252,12.989600000000001,77.6126,53.82,2.5823249078973562,25.45396253248745,False
235,10,0.0,11.422946705581689,12.989700000000001,77.6127,53.819,2.259222408789018,25.456221754896237,False
236,10,0.0,11.408821531540353,12.9898,77.6128,53.818,2.448734158516162,25.458670489054754,False
237,10,0.0,11.394555476519876,12.9899,77.6129,53.817,2.491070975440431,25.461161560030195,False
238,10,0.0,11.380149967113873,12.99,77.613,53.816,2.9188500252911456,25.464080410055484,False
239,10,0.0,11.36560644386128,12.9901,77.6131,53.815,2.5409264006444157,25.46662133645613,False
240,10,0.0,11.350926361102301,12.9902,77.6132,53.814,2.639567079959401,25.46926090353609,False
241,10,0.0,11.336111186832982,12.990300000000001,77.6133,53.813,2.5686881623076925,25.4718295916984,False
242,10,0.0,11.321162402558402,12.990400000000001,77.6134,53.812,2.7989126205960804,25.474628504318993,False
243,10,0.0,11.30608150314453,12.9905,77.6135,53.811,2.885509706496165,25.477514014025488,False
244,10,0.0,11.290869996668741,12.9906,77.6136,53.81,2.0104396559785833,25.479524453681467,False
245,10,0.0,11.275529404269006,12.9907,77.6137,53.809,2.4456578083602456,25.48197011148983,False
246,10,0.0,11.260061259991785,12.9908,77.6138,53.808,2.5606895072816016,25.48453080099711,False
247,10,0.0,11.24446711063861,12.9909,77.6139,53.807,2.5045405915259464,25.487035341588637,False
248,10,0.0,11.228748515611423,12.991,77.614,53.806,2.744464581163901,25.4897798061698,False
249,10,0.0,11.21290704675663,12.991100000000001,77.6141,53.805,2.5521565104291666,25.49233196268023,False
250,10,0.0,11.196944288207913,12.991200000000001,77.6142,53.804,2.3455103619492452,25.494677473042177,False
251,10,0.0,11.180861836227825,12.9913,77.6143,53.803,2.5561031481739542,25.49723357619035,False
252,10,0.0,11.164661299048163,12.9914,77.6144,53.802,2.159460219622937,25.499393036409973,False
253,10,0.0,11.148344296709144,12.9915,77.6145,53.801,2.4037103225908236,25.501796746732566,False
254,10,0.0,11.131912460897405,12.9916,77.6146,53.8,2.3626930055276634,25.504159439738093,False
255,10,0.0,11.115367434782833,12.9917,77.6147,53.799,2.281356362019458,25.50644079610011,False
256,10,0.0,11.098710872854253,12.9918,77.6148,53.798,3.0211815895124743,25.509461977689625,False
257,10,0.0,11.081944440753977,12.991900000000001,77.6149,53.797,2.1868951775090473,25.511648872867134,False
258,10,0.0,11.065069815111242,12.992,77.615,53.796,2.3653741272504027,25.514014246994385,False
259,10,0.0,11.048088683374552,12.9921,77.6151,53.795,2.606348068985043,25.51662059506337,False
260,10,0.0,11.031002743642928,12.9922,77.6152,53.794,2.3962521703024757,25.519016847233672,False
261,10,0.0,11.013813704496107,12.9923,77.6153,53.793,2.6446689653968307,25.521661516199067,False
262,10,0.0,10.996523284823677,12.9924,77.6154,53.792,2.610691817334475,25.524272208016402,False
263,10,0.0,10.9791332136532,12.9925,77.6155,53.791,2.619510448504182,25.526891718464906,False
264,10,0.0,10.961645229977297,12.992600000000001,77.6156,53.79,2.335976049865003,25.529227694514773,False
265,10,0.0,10.944061082579765,12.992700000000001,77.6157,53.789,2.3775985314452073,25.53160529304622,False
266,10,0.0,10.92638252986069,12.9928,77.6158,53.788,2.6368120187494855,25.534242105064966,False
267,10,0.0,10.908611339660613,12.9929,77.6159,53.787,2.2411770868154357,25.53648328215178,False
268,10,0.0,10.890749289083741,12.993,77.616,53.786,2.71009346788549,25.539193375619668,False
269,10,0.0,10.872798164320253,12.9931,77.6161,53.785,2.4049332744792125,25.541598308894148,False
270,10,0.0,10.85475976046766,12.9932,77.6162,53.784,2.3811418992920346,25.54397945079344,False
271,10,0.0,10.836635881351318,12.9933,77.6163,53.783,2.077609799748271,25.54605706059319,False
272,10,0.0,10.818428339344035,12.993400000000001,77.6164,53.782,2.4859644871478013,25.548543025080335,False
273,10,0.0,10.800138955184838,12.993500000000001,77.6165,53.781,2.6102335587044854,25.55115325863904,False
274,10,0.0,10.781769557796904,12.9936,77.6166,53.78,2.7209216312193107,25.55387418027026,False
275,10,0.0,10.763321984104664,12.9937,77.6167,53.779,2.577240563996468,25.556451420834257,False
276,10,0.0,10.74479807885011,12.9938,77.6168,53.778,2.3977722398596657,25.558849193074117,False
277,10,0.0,10.726199694408336,12.9939,77.6169,53.777,2.577582615873323,25.561426775689988,False
278,10,0.0,10.707528690602285,12.994,77.617,53.776,2.6446485371774435,25.564071424227166,False
279,10,0.0,10.68878693451678,12.9941,77.6171,53.775,2.3282962728031444,25.56639972049997,False
280,10,0.0,10.66997630031181,12.994200000000001,77.6172,53.774,2.28796357535657,25.568687684075325,False
281,10,0.0,10.65109866903512,12.9943,77.6173,53.773,2.1527939662845172,25.57084047804161,False
282,10,0.0,10.632155928434107,12.9944,77.6174,53.772,2.802874971796194,25.573643353013406,False
283,10,0.0,10.613149972767046,12.9945,77.6175,53.771,2.2692878942826966,25.57591264090769,False
284,10,0.0,10.594082702613665,12.9946,77.6176,53.77,2.303272255785376,25.578215913163476,False
285,10,0.0,10.57495602468509,12.9947,77.6177,53.769,2.3596394201400814,25.580575552583614,False
286,10,0.0,10.555771851633173,12.9948,77.6178,53.768,2.3170091132067587,25.582892561696823,False
287,10,0.0,10.536532101859237,12.994900000000001,77.6179,53.767,2.5715808050815894,25.585464142501902,False
288,10,0.0,10.517238699322222,12.995000000000001,77.618,53.766,2.512225728438999,25.587976368230343,False
289,10,0.0,10.497893573346305,12.9951,77.6181,53.765,2.085524968322015,25.590061893198666,False
290,10,0.0,10.478498658427965,12.9952,77.6182,53.764,2.5062479167209544,25.592568141115386,False
291,10,0.0,10.459055894042528,12.9953,77.6183,53.763,2.4817196002653366,25.59504986071565,False
292,10,0.0,10.439567224450235,12.9954,77.6184,53.762,2.194746514980734,25.597244607230632,False
293,10,0.0,10.420034598501799,12.9955,77.6185,53.761,2.2181474713565783,25.59946275470199,False
294,10,0.0,10.40045996944354,12.9956,77.6186,53.76,2.3820042870478715,25.601844758989035,False
295,10,0.0,10.380845294722054,12.995700000000001,77.6187,53.759,2.640262701453431,25.60448502169049,False
296,10,0.0,10.361192535788465,12.995800000000001,77.6188,53.758,2.490563599019802,25.606975585289508,False
297,10,0.0,10.34150365790229,12.9959,77.6189,53.757,2.476287972476753,25.609451873261985,False
298,10,0.0,10.321780629934912,12.996,77.619,53.756,2.489494454790233,25.611941367716774,False
299,10,0.0,10.302025424172689,12.9961,77.6191,53.755,2.959665374179437,25.614901033090955,False
300,10,0.0,10.282240016119735,12.9962,77.6192,53.754,2.5241936430950602,25.61742522673405,False
301,10,0.0,10.262426384300367,12.9963,77.6193,53.753,2.6856107115954364,25.620110837445647,False
302,10,0.0,10.24258651006126,12.9964,77.6194,53.752,2.6480576940017038,25.622758895139647,False
303,10,0.0,10.2227223773733,12.996500000000001,77.6195,53.751,2.545218589510343,25.625304113729158,False
304,10,0.0,10.202835972633205,12.9966,77.6196,53.75,2.5045495288853132,25.627808663258044,False
305,10,0.0,10.182929284464873,12.9967,77.6197,53.749,2.5777494500752476,25.63038641270812,False
306,10,0.0,10.163004303520538,12.9968,77.6198,53.748,2.3458852458656647,25.632732297953986,False
307,10,0.0,10.143063022281687,12.9969,77.6199,53.747,2.4166682255464,25.635148966179532,False
308,10,0.0,10.123107434859826,12.997,77.62,53.746,2.641785492117251,25.63779075167165,False
309,10,0.0,10.10313953679707,12.9971,77.6201,53.745,2.175946633277396,25.639966698304924,False
310,10,0.0,10.08316132486658,12.997200000000001,77.6202,53.744,2.3945937605147694,25.64236129206544,False
311,10,0.0,10.063174796872907,12.997300000000001,77.6203,53.743,2.298053309166023,25.644659345374606,False
312,10,0.0,10.043181951452192,12.9974,77.6204,53.742,2.3039848836430403,25.64696333025825,False
313,10,0.0,10.023184787872317,12.9975,77.62049999999999,53.741,2.2887443963440433,25.649252074654594,False
314,10,0.0,10.003185305832973,12.9976,77.6206,53.74,2.7033384960672984,25.65195541315066,False
315,10,0.0,9.983185505265702,12.9977,77.6207,53.739,2.3412371041194437,25.65429665025478,False
316,10,0.0,9.963187386133892,12.9978,77.6208,53.738,2.404732792268392,25.656701383047047,False
317,10,0.0,9.943192948232792,12.9979,77.6209,53.737,2.4336420492420094,25.65913502509629,False
318,10,0.0,9.92320419098953,12.998000000000001,77.621,53.736,2.6878347457005565,25.66182285984199,False
319,10,0.0,9.903223113263172,12.9981,77.6211,53.735,2.598817777891143,25.66442167761988,False
320,10,0.0,9.88325171314484,12.9982,77.6212,53.734,2.388954922509505,25.66681063254239,False
321,10,0.0,9.863291987757904,12.9983,77.6213,53.733,2.6894015051415,25.669500034047534,False
322,10,0.0,9.84334593305827,12.9984,77.6214,53.732,2.7641823412079085,25.67226421638874,False
323,10,0.0,9.823415543634784,12.9985,77.6215,53.731,2.737200959158319,25.6750014173479,False
324,10,0.0,9.803502812509782,12.9986,77.6216,53.73,2.799765024533921,25.677801182372434,False
325,10,0.0,9.783609730939784,12.9987,77.6217,53.729,2.3466035141088195,25.680147785886543,False
326,10,0.0,9.763738288216365,12.998800000000001,77.6218,53.728,2.695633421773188,25.682843419308316,False
327,10,0.0,9.74389047146724,12.9989,77.6219,53.727,2.8312175436394202,25.685674636851953,False
328,10,0.0,9.724068265457545,12.999,77.622,53.726,2.4637365921072707,25.688138373444062,False
329,10,0.0,9.704273652391363,12.9991,77.6221,53.725,2.3811604072314183,25.690519533851294,False
330,10,0.0,9.684508611713502,12.9992,77.6222,53.724,2.729036590978494,25.69324857044227,False
331,10,0.0,9.664775119911564,12.9993,77.6223,53.723,2.5284425645413946,25.69577701300681,False
332,10,0.0,9.645075150318279,12.9994,77.6224,53.722,2.114504339332038,25.697891517346147,False
333,10,0.0,9.625410672914194,12.999500000000001,77.6225,53.721,2.6172255534030864,25.700508742899547,False
334,10,0.0,9.60578365413066,12.999600000000001,77.6226,53.72,2.3354765527995847,25.70284421945235,False
335,10,0.0,9.5861960566532,12.9997,77.6227,53.719,2.7325679636517717,25.705576787416,False
336,10,0.0,9.56664983922524,12.9998,77.6228,53.718,2.685504297335865,25.708262291713336,False
337,10,0.0,9.547146956452234,12.9999,77.6229,53.717,2.5920118965846193,25.71085430360992,False
338,10,0.0,9.527689358606207,13.0,77.623,53.716,2.3330943517614626,25.713187397961683,False
339,10,0.0,9.508278991430727,13.0001,77.6231,53.715,2.5145187752357034,25.71570191673692,False
340,10,0.0,9.488917795946337,13.0002,77.6232,53.714,2.608201155516943,25.718310117892432,False
341,10,0.0,9.469607708256452,13.000300000000001,77.6233,53.713,2.37563969455059,25.720685757586985,False
342,10,0.0,9.450350659353752,13.0004,77.6234,53.712,2.6228730891478516,25.723308630676133,False
343,10,0.0,9.431148574927075,13.0005,77.62349999999999,53.711,2.4001337964169545,25.72570876447255,False
344,10,0.0,9.412003375168865,13.0006,77.6236,53.71,1.9579094781719193,25.727666673950722,False
345,10,0.0,9.392916974583141,13.0007,77.6237,53.709,2.269217077449481,25.72993589102817,False
346,10,0.0,9.373891281794059,13.0008,77.6238,53.708,2.6973048799832826,25.732633195908154,False
347,10,0.0,9.354928199355042,13.0009,77.6239,53.707,2.6334676090831004,25.735266663517237,False
348,10,0.0,9.336029623558531,13.001000000000001,77.624,53.706,2.225237049347344,25.737491900566585,False
349,10,0.0,9.317197444246357,13.001100000000001,77.6241,53.705,2.396868143885408,25.739888768710472,False
350,10,0.0,9.29843354462076,13.0012,77.6242,53.704,2.635879899432006,25.7425246486099,False
351,10,0.0,9.279739801056063,13.0013,77.6243,53.703,2.3858832830056214,25.74491053189291,False
352,10,0.0,9.261118082911047,13.0014,77.6244,53.702,2.5923663971962965,25.747502898290104,False
353,10,0.0,9.242570252342004,13.0015,77.6245,53.701,2.5376911793815915,25.750040589469485,False
354,10,0.0,9.224098164116539,13.0016,77.6246,53.7,2.4973640176424676,25.752537953487128,False
355,10,0.0,9.205703665428079,13.0017,77.6247,53.699,2.4161845132778694,25.754954138000407,False
356,10,0.0,9.187388595711166,13.001800000000001,77.6248,53.698,2.5094567879981406,25.757463594788405,False
357,10,0.0,9.169154786457508,13.001900000000001,77.6249,53.697,2.3491252627127612,25.759812720051116,False
358,10,0.0,9.151004061032834,13.002,77.625,53.696,2.6939757223154523,25.762506695773432,False
359,10,0.0,9.132938234494565,13.0021,77.6251,53.695,2.57030741518913,25.765077003188622,False
360,10,0.0,9.114959113410295,13.0022,77.6252,53.694,2.5421937824063443,25.76761919697103,False
361,10,0.0,9.097068495677153,13.0023,77.6253,53.693,2.593821592083578,25.770213018563112,False
362,10,0.0,9.079268170342003,13.0024,77.6254,53.692,2.6332545344433402,25.772846273097556,False
363,10,0.0,9.061559917422546,13.0025,77.6255,53.691,2.618513217505755,25.775464786315062,False
364,10,0.0,9.043945507729314,13.002600000000001,77.6256,53.69,2.330339070714486,25.777795125385776,False
365,10,0.0,9.026426702688601,13.0027,77.6257,53.689,2.770064895173732,25.78056519028095,False
366,10,0.0,9.00900525416631,13.0028,77.6258,53.688,2.9671595217731026,25.783532349802723,False
367,10,0.0,8.991682904292777,13.0029,77.6259,53.687,2.535800319835695,25.786068150122556,False
368,10,0.0,8.974461385288553,13.003,77.626,53.686,2.6049573346353103,25.788673107457193,False
369,10,0.0,8.957342419291187,13.0031,77.6261,53.685,2.4236445250885956,25.79109675198228,False
370,10,0.0,8.940327718183013,13.0032,77.6262,53.684,2.4828278515327296,25.793579579833814,False
371,10,0.0,8.923418983419964,13.003300000000001,77.6263,53.683,2.4346147047927698,25.796014194538607,False
372,10,0.0,8.906617905861426,13.003400000000001,77.6264,53.682,2.630201774777279,25.798644396313385,False
373,10,0.0,8.889926165601153,13.0035,77.6265,53.681,2.6139037564086953,25.801258300069794,False
374,10,0.0,8.87334543179926,13.0036,77.6266,53.68,2.559191684099991,25.803817491753893,False
375,10,0.0,8.856877362515313,13.0037,77.6267,53.679,2.650246253504917,25.8064677380074,False
376,10,0.0,8.840523604542515,13.0038,77.6268,53.678,2.7906467228164713,25.809258384730214,False
377,10,0.0,8.824285793243035,13.0039,77.6269,53.677,2.4993779091746604,25.811757762639388,False
378,10,0.0,8.808165552384471,13.004,77.627,53.676,2.491060870992084,25.814248823510383,False
379,10,0.0,8.792164493977479,13.004100000000001,77.6271,53.675,2.3572504224837125,25.816606073932864,False
380,10,0.0,8.776284218114561,13.0042,77.6272,53.674,1.9587769766328418,25.818564850909496,False
381,10,0.0,8.760526312810073,13.0043,77.6273,53.673,2.329332045852865,25.82089418295535,False
382,10,0.0,8.744892353841413,13.0044,77.6274,53.672,2.3937331259327888,25.823287916081284,False
383,10,0.0,8.72938390459145,13.0045,77.6275,53.671,2.7101210214627174,25.825998037102746,False
384,10,0.0,8.714002515892183,13.0046,77.6276,53.67,2.5765934095635092,25.82857463051231,False
385,10,0.0,8.698749725869666,13.0047,77.6277,53.669,2.6906356722195888,25.83126526618453,False
386,10,0.0,8.68362705979019,13.004800000000001,77.6278,53.668,2.6858214105654814,25.833951087595096,False
387,10,0.0,8.668636029907761,13.004900000000001,77.6279,53.667,2.4328515628897383,25.836383939157983,False
388,10,0.0,8.653778135312876,13.005,77.628,53.666,2.6126444043840626,25.83899658356237,False
389,10,0.0,8.639054861782611,13.0051,77.6281,53.665,2.4680464789601237,25.84146463004133,False
390,10,0.0,8.624467681632053,13.0052,77.6282,53.664,2.4746187707569325,25.843939248812084,False
391,10,0.0,8.610018053567057,13.0053,77.6283,53.663,2.6245027780834302,25.846563751590168,False
392,10,0.0,8.59570742253839,13.0054,77.6284,53.662,2.5511086267494547,25.84911486021692,False
393,10,0.0,8.581537219597228,13.0055,77.6285,53.661,2.3600125077136043,25.851474872724634,False
394,10,0.0,8.567508861752058,13.005600000000001,77.6286,53.66,2.522073176676066,25.853996945901308,False
395,10,0.0,8.553623751826976,13.005700000000001,77.6287,53.659,2.631159966318449,25.856628105867628,False
396,10,0.0,8.539883278321401,13.0058,77.6288,53.658,2.703373980534808,25.859331479848162,False
397,10,0.0,8.526288815271233,13.0059,77.6289,53.657,2.359181370558642,25.86169066121872,False
398,10,0.0,8.51284172211145,13.006,77.629,53.656,2.622629080775077,25.864313290299496,False
399,10,0.0,8.49954334354016,13.0061,77.6291,53.655,2.4137566839118225,25.866727046983407,False
400,10,-0.5,8.486395009384143,13.0062,77.6292,53.654,2.4174495344018188,25.86914449651781,False
401,9,-0.5,8.473398034465854,13.00629,77.62929,53.6531,2.387148483739804,25.87153164500155,True
402,9,0.0,8.460553718471951,13.00638,77.62938,53.6522,2.4291151832537756,25.8739607601848,True
403,9,0.0,8.447863345823336,13.00647,77.62947,53.6513,2.1410741567322518,25.876101834341533,True
404,9,0.0,8.435328185546695,13.00656,77.62956,53.6504,2.1858944873998136,25.878287728828933,True
405,9,0.0,8.422949491147609,13.00665,77.62965,53.6495,2.2310010723487532,25.880518729901283,True
406,9,0.0,8.410728500485206,13.00674,77.62974,53.6486,2.3725140405225265,25.882891243941806,True
407,9,0.0,8.398666435648364,13.00683,77.62983,53.6477,1.8314960515600527,25.884722739993364,True
408,9,0.0,8.386764502833518,13.006920000000001,77.62992,53.6468,2.2647070106261067,25.886987447003992,True
409,9,0.0,8.375023892224032,13.007010000000001,77.63001,53.6459,2.163418947671577,25.889150865951663,True
410,9,-0.5,8.36344577787118,13.007100000000001,77.6301,53.645,2.2975805459997174,25.891448446497662,True
411,8,-0.5,8.352031317576749,13.00718,77.63018,53.6442,1.7637500764467577,25.893212196574108,True
412,8,0.0,8.340781652777258,13.00726,77.63025999999999,53.6434,1.5152879556762153,25.894727484529785,True
413,8,0.0,8.329697908429813,13.007340000000001,77.63034,53.6426,1.964915514893162,25.896692400044678,True
414,8,0.0,8.31878119289961,13.00742,77.63042,53.6418,1.8492183566564564,25.898541618401335,True
415,8,0.0,8.308032597849106,13.0075,77.6305,53.641,1.9572262920891668,25.900498844693423,True
416,8,0.0,8.297453198128851,13.00758,77.63058,53.6402,1.961086838337243,25.902459931531762,True
417,8,0.0,8.287044051669998,13.00766,77.63066,53.6394,1.530152764214091,25.903990084295977,True
418,8,0.0,8.27680619937852,13.00774,77.63074,53.6386,1.8815039128176936,25.905871588208793,True
419,8,0.0,8.266740665031111,13.00782,77.63082,53.6378,1.9851580501713526,25.907856746258965,True
420,8,-0.5,8.256848455172824,13.007900000000001,77.6309,53.637,2.1171214933581117,25.909973867752324,True
421,7,-0.5,8.247130559016398,13.00797,77.63097,53.6363,1.6294014148362825,25.91160326916716,True
422,7,0.0,8.23758794834335,13.008040000000001,77.63104,53.6356,1.929635489138479,25.913532904656297,True
423,7,0.0,8.228221577406796,13.00811,77.63111,53.6349,1.6604543540734984,25.91519335901037,True
424,7,0.0,8.219032382836023,13.008180000000001,77.63118,53.6342,1.8623001534091572,25.91705565916378,True
425,7,0.0,8.210021283542833,13.00825,77.63125,53.6335,1.6094167214852015,25.918665075885265,True
426,7,0.0,8.201189180629646,13.008320000000001,77.63132,53.6328,1.5386171595424116,25.920203693044808,True
427,7,0.0,8.192536957299389,13.00839,77.63139,53.6321,1.8147688072292096,25.922018461852037,True
428,7,0.0,8.18406547876719,13.008460000000001,77.63146,53.6314,1.9172186345120876,25.92393568048655,True
429,7,0.0,8.175775592173839,13.00853,77.63153,53.6307,1.854896142364333,25.925790576628913,True
430,7,-0.5,8.167668126501091,13.008600000000001,77.6316,53.63,1.6972597177591062,25.927487836346675,True
431,6,-0.5,8.159743892488752,13.00866,77.63166,53.6294,1.3318923694738578,25.928819728716146,True
432,6,0.0,8.152003682553625,13.00872,77.63172,53.6288,1.2209627076064313,25.930040691423752,True
433,6,0.0,8.14444827071025,13.00878,77.63178,53.6282,1.5218071962288533,25.931562498619982,True
434,6,0.0,8.137078412493516,13.008840000000001,77.63184,53.6276,1.384101751197125,25.932946600371178,True
435,6,0.0,8.1298948448831,13.0089,77.6319,53.627,1.5669316773047188,25.934513532048484,True
436,6,0.0,8.122898286229784,13.00896,77.63196,53.6264,1.4292668433442706,25.93594279889183,True
437,6,0.0,8.116089436183598,13.00902,77.63202,53.6258,1.2062404373120779,25.937149039329142,True
438,6,0.0,8.109468975623873,13.00908,77.63208,53.6252,1.676222146761531,25.938825261475902,True
439,6,0.0,8.103037566591148,13.00914,77.63214,53.6246,0.9357560754202179,25.939761017551323,True
440,6,-0.5,8.096795852220968,13.0092,77.6322,53.624,1.57448784704268,25.941335505398364,True
441,5,-0.5,8.090744456679568,13.00925,77.63225,53.6235,1.328297566354951,25.94266380296472,True
442,5,0.0,8.084883985101458,13.0093,77.6323,53.623,1.2711675683479666,25.943934970533068,True
443,5,0.0,8.079215023528914,13.00935,77.63235,53.6225,1.1957095217502056,25.945130680054817,True
444,5,0.0,8.073738138853367,13.009400000000001,77.6324,53.622,1.2444306258405313,25.94637511068066,True
445,5,0.0,8.068453878758723,13.009450000000001,77.63245,53.6215,1.1335421679714086,25.94750865284863,True
446,5,0.0,8.063362771666586,13.009500000000001,77.6325,53.621,1.248723261027938,25.948757376109658,True
447,5,0.0,8.058465326683423,13.00955,77.63255,53.6205,1.2549330233095637,25.95001230913297,True
448,5,0.0,8.053762033549653,13.0096,77.6326,53.62,1.4383903569899894,25.951450699489957,True
449,5,0.0,8.049253362590667,13.00965,77.63265,53.6195,1.6991066738287657,25.953149806163786,True
450,5,-0.5,8.044939764669806,13.0097,77.6327,53.619,1.346914406532084,25.95449672057032,True
451,4,-0.5,8.040821671143267,13.00974,77.63274,53.6186,1.364889593578547,25.955861610163897,True
452,4,0.0,8.03689949381697,13.009780000000001,77.63278,53.6182,0.7877524273649709,25.95664936259126,True
453,4,0.0,8.033173624905379,13.009820000000001,77.63282,53.6178,1.123443130084412,25.957772805721348,True
454,4,0.0,8.029644436992282,13.00986,77.63286,53.6174,0.9746226032608781,25.958747428324607,True
455,4,0.0,8.026312282993526,13.0099,77.6329,53.617,1.1125350968468841,25.959859963421454,True
456,4,0.0,8.02317749612174,13.00994,77.63294,53.6166,0.81747472968853,25.960677438151144,True
457,4,0.0,8.020240389852992,13.00998,77.63298,53.6162,1.058394510313932,25.961735832661457,True
458,4,0.0,8.017501257895466,13.01002,77.63302,53.6158,0.7961390076214336,25.96253197166908,True
459,4,0.0,8.014960374160074,13.010060000000001,77.63306,53.6154,0.9921710796490202,25.963524142748728,True
460,4,-0.5,8.012617992733071,13.0101,77.6331,53.615,1.0448543382196653,25.964568997086946,True
461,3,-0.5,8.01047434785065,13.01013,77.63313,53.6147,0.8052668780795158,25.965374263965025,True
462,3,0.0,8.00852965387551,13.01016,77.63316,53.6144,0.6432157947471858,25.966017479759774,True
463,3,0.0,8.006784105275429,13.01019,77.63319,53.6141,0.7326622712155727,25.96675014203099,True
464,3,0.0,8.005237876603813,13.01022,77.63322,53.6138,0.602921826326255,25.967353063857317,True
465,3,0.0,8.00389112248224,13.010250000000001,77.63325,53.6135,0.6961910085283882,25.968049254865843,True
466,3,0.0,8.002743977585002,13.01028,77.63328,53.6132,0.5853828734514352,25.968634637739296,True
467,3,0.0,8.00179655662563,13.01031,77.63331,53.6129,0.8852252156571155,25.969519862954954,True
468,3,0.0,8.001048954345432,13.010340000000001,77.63334,53.6126,0.568118719520061,25.97008798167447,True
469,3,0.0,8.000501245504012,13.01037,77.63337,53.6123,0.7349122037010902,25.970822893878175,True
470,3,-0.5,8.000153484871799,13.0104,77.6334,53.612,0.9504720270457154,25.971773365905218,True
471,2,-0.5,8.000005707224563,13.01042,77.63342,53.6118,0.4750296539280183,25.97224839555915,True
472,2,0.0,8.00005792733995,13.010440000000001,77.63344,53.6116,0.4842273873204968,25.972732622946467,True
473,2,0.0,8.00031013999599,13.01046,77.63346,53.6114,0.5702122052231282,25.973302835151692,True
474,2,0.0,8.00076231997163,13.010480000000001,77.63348,53.6112,0.3701046808753381,25.973672939832568,True
475,2,0.0,8.001414422049244,13.0105,77.6335,53.611,0.4835272225190352,25.974156467055085,True
476,2,0.0,8.00226638101917,13.01052,77.63352,53.6108,0.4984859733510792,25.974654953028438,True
477,2,0.0,8.003318111686225,13.01054,77.63354,53.6106,0.5660269820272738,25.975220980010462,True
478,2,0.0,8.004569508878213,13.01056,77.63356,53.6104,0.6884603580086505,25.975909440368472,True
479,2,0.0,8.00602044745646,13.010580000000001,77.63358,53.6102,0.7294579489337936,25.976638898317407,True
480,2,-0.5,8.007670782328319,13.0106,77.6336,53.61,0.3136353972686272,25.976952533714673,True
481,1,-0.5,8.009520348461676,13.01061,77.63361,53.6099,0.41832855128085117,25.977370862265957,True
482,1,0.0,8.011568960901457,13.010620000000001,77.63362,53.6098,0.09735500042176728,25.977468217266377,True
483,1,0.0,8.01381641478813,13.01063,77.63363,53.6097,0.07546493358525516,25.97754368219996,True
484,1,0.0,8.016262485378174,13.01064,77.63364,53.6096,0.15032673965667248,25.97769400893962,True
485,1,0.0,8.018906928066574,13.01065,77.63365,53.6095,0.5009117799721818,25.97819492071959,True
486,1,0.0,8.02174947841126,13.01066,77.63366,53.6094,-0.07293338163506458,25.978121987337957,True
487,1,0.0,8.02478985215957,13.010670000000001,77.63367,53.6093,0.48966547629478907,25.97861165281425,True
488,1,0.0,8.02802774527666,13.01068,77.63368,53.6092,0.26240221283962323,25.97887405502709,True
489,1,0.0,8.031462833975917,13.01069,77.63369,53.6091,0.3292912032229936,25.979203346230314,True
490,1,-0.5,8.035094774751336,13.0107,77.6337,53.609,0.1624929008944096,25.97936583913121,True
491,0,-0.5,8.038923204411862,13.0107,77.6337,53.609,-0.08962307917071456,25.97927621605204,True
492,0,0.0,8.042947740117723,13.0107,77.6337,53.609,-0.5124903572324796,25.978763725694805,True
493,0,0.0,8.0471679794187,13.0107,77.6337,53.609,-0.009491344929623237,25.978754234349875,True
494,0,0.0,8.051583500294381,13.0107,77.6337,53.609,-0.2393917313703415,25.978514842618505,True
495,0,0.0,8.056193861196359,13.0107,77.6337,53.609,-0.48286893289356014,25.97803197368561,True
496,0,0.0,8.060998601092383,13.0107,77.6337,53.609,-0.20856619519680072,25.977823407490416,True
497,0,0.0,8.065997239512468,13.0107,77.6337,53.609,-0.021416859464991108,25.97780199063095,True
498,0,0.0,8.07118927659694,13.0107,77.6337,53.609,-0.1832090175198844,25.97761878161343,True
499,0,0.0,8.076574193146413,13.0107,77.6337,53.609,-0.4514490489831177,25.97716733256445,True
500,0,0.0,8.082151450673724,13.0107,77.6337,53.609,0.16325786967982636,25.97733059043413,True
501,0,0.0,8.087920491457764,13.0107,77.6337,53.609,0.12121508459799435,25.977451805518726,True
502,0,0.0,8.093880738599264,13.0107,77.6337,53.609,-0.2231772220574015,25.97722862829667,True
503,0,0.0,8.100031596078479,13.0107,77.6337,53.609,-0.06519210846112473,25.977163436188206,True
504,0,0.0,8.106372448814781,13.0107,77.6337,53.609,0.21161056425722863,25.977375046752464,True
505,0,0.0,8.112902662728187,13.0107,77.6337,53.609,-0.15408177593736808,25.977220964976524,True
506,0,0.0,8.119621584802744,13.0107,77.6337,53.609,0.039814756908741644,25.977260779733435,True
507,0,0.0,8.126528543151842,13.0107,77.6337,53.609,-0.052069310535633156,25.9772087104229,True
508,0,0.0,8.133622847085405,13.0107,77.6337,53.609,0.15868555229372652,25.977367395975193,True
509,0,-0.5,8.14090378717895,13.0107,77.6337,53.609,-0.14404271281973283,25.977223353262374,True
510,-1,-0.5,8.148370635344536,13.01069,77.63369,53.6091,0.013182660100296617,25.977236535922472,True
511,-1,0.0,8.156022644903567,13.01068,77.63368,53.6092,-0.3801697577951271,25.97685636616468,True
512,-1,0.0,8.163859050661467,13.010670000000001,77.63367,53.6093,-0.3649515062418264,25.976491414658437,True
513,-1,0.0,8.171879068984186,13.01066,77.63366,53.6094,-0.16670743225182855,25.976324707226183,True
514,-1,0.0,8.18008189787658,13.01065,77.63365,53.6095,-0.07973876083496134,25.97624496846535,True
515,-1,0.0,8.18846671706259,13.01064,77.63364,53.6096,-0.19086144176951292,25.97605410702358,True
516,-1,0.0,8.19703268806729,13.01063,77.63363,53.6097,0.19375150809907232,25.97624785853168,True
517,-1,0.0,8.205778954300715,13.010620000000001,77.63362,53.6098,-0.47613948457430066,25.975771719047106,True
518,-1,0.0,8.21470464114353,13.01061,77.63361,53.6099,-0.44889131093147594,25.975322827736175,True
519,-1,-0.5,8.223808856034491,13.0106,77.6336,53.61,-0.3681416133866264,25.974954686122786,True
520,-2,-0.5,8.233090688559694,13.010580000000001,77.63358,53.6102,-0.45280964023223474,25.974501876482556,True
521,-2,0.0,8.24254921054362,13.01056,77.63356,53.6104,-0.4144890887123127,25.974087387393844,True
522,-2,0.0,8.252183476141955,13.01054,77.63354,53.6106,-0.5225328027109544,25.97356485459113,True
523,-2,0.0,8.261992521936168,13.01052,77.63352,53.6108,-0.3086007052632389,25.973256253885868,True
524,-2,0.0,8.271975367029851,13.0105,77.6335,53.611,-0.35924796804752945,25.972897005917822,True
525,-2,0.0,8.282131013146817,13.010480000000001,77.63348,53.6112,-0.7337579384551043,25.972163247979367,True
526,-2,0.0,8.292458444730913,13.01046,77.63346,53.6114,-0.6508503205210522,25.971512397658845,True
527,-2,0.0,8.302956629047593,13.010440000000001,77.63344,53.6116,-0.26549680770018913,25.971246900851146,True
528,-2,0.0,8.313624516287167,13.01042,77.63342,53.6118,-0.4205971420861262,25.970826303709057,True
529,-2,-0.5,8.324461039669805,13.0104,77.6334,53.612,-0.9206960267624997,25.969905607682296,True
530,-3,-0.5,8.335465115552198,13.01037,77.63337,53.6123,-0.5041618258404797,25.969401445856455,True
531,-3,0.0,8.346635643535928,13.010340000000001,77.63334,53.6126,-1.0839539999048058,25.96831749185655,True
532,-3,0.0,8.357971506577506,13.01031,77.63331,53.6129,-0.5091196658942662,25.967808372190657,True
533,-3,0.0,8.369471571100073,13.01028,77.63328,53.6132,-1.0548048866860573,25.96675356730397,True
534,-3,0.0,8.38113468710676,13.010250000000001,77.63325,53.6135,-0.9040527720944526,25.965849514531875,True
535,-3,0.0,8.39295968829569,13.01022,77.63322,53.6138,-0.7452321440123694,25.965104282387863,True
536,-3,0.0,8.404945392176591,13.01019,77.63319,53.6141,-0.8500557318147942,25.96425422665605,True
537,-3,0.0,8.417090600189068,13.01016,77.63316,53.6144,-0.8865966861983959,25.963367629969852,True
538,-3,0.0,8.429394097822438,13.01013,77.63313,53.6147,-0.7468481193399341,25.96262078185051,True
539,-3,-0.5,8.441854654737194,13.0101,77.6331,53.615,-0.8085145737331798,25.961812267276777,True
540,-4,-0.5,8.454471024888026,13.010060000000001,77.63306,53.6154,-0.7802316487946561,25.961032035627984,True
541,-4,0.0,8.467241946648432,13.01002,77.63302,53.6158,-1.0195687180205977,25.960012466909962,True
542,-4,0.0,8.480166142936877,13.00998,77.63298,53.6162,-1.0175819758101006,25.958994884934153,True
543,-4,0.0,8.493242321344507,13.00994,77.63294,53.6166,-0.944616347342152,25.95805026858681,True
544,-4,0.0,8.506469174264375,13.0099,77.6329,53.617,-1.1716759375354973,25.956878592649275,True
545,-4,0.0,8.519845379022211,13.00986,77.63286,53.6174,-1.4011439995117327,25.955477448649763,True
546,-4,0.0,8.533369598008687,13.009820000000001,77.63282,53.6178,-1.3825968672618028,25.9540948517825,True
547,-4,0.0,8.547040478813173,13.009780000000001,77.63278,53.6182,-0.850310071319235,25.953244541711182,True
548,-4,0.0,8.560856654358986,13.00974,77.63274,53.6186,-1.042166280352818,25.95220237543083,True
549,-4,-0.5,8.574816743040078,13.0097,77.6327,53.619,-0.880845034674818,25.951321530396154,True
550,-5,-0.5,8.588919348859216,13.00965,77.63265,53.6195,-1.4173728912437433,25.94990415750491,True
551,-5,0.0,8.603163061567573,13.0096,77.6326,53.62,-1.524842343021291,25.948379315161887,True
552,-5,0.0,8.617546456805748,13.00955,77.63255,53.6205,-1.6873692781895668,25.9466919458837,True
553,-5,0.0,8.632068096246199,13.009500000000001,77.6325,53.621,-1.0756383542544925,25.945616307529445,True
554,-5,0.0,8.646726527737087,13.009450000000001,77.63245,53.6215,-1.1351609784424568,25.944481146551002,True
555,-5,0.0,8.661520285447477,13.009400000000001,77.6324,53.622,-1.1389918598973616,25.943342154691106,True
556,-5,0.0,8.676447890013927,13.00935,77.63235,53.6225,-1.3410615035080549,25.942001093187596,True
557,-5,0.0,8.691507848688417,13.0093,77.6323,53.623,-1.2816894870805853,25.940719403700516,True
558,-5,0.0,8.706698655487633,13.00925,77.63225,53.6235,-1.1089053552843295,25.939610498345232,True
559,-5,-0.5,8.722018791343553,13.0092,77.6322,53.624,-1.3757372686840836,25.938234761076547,True
560,-6,-0.5,8.73746672425536,13.00914,77.63214,53.6246,-1.6285932052303338,25.936606167871318,True
561,-6,0.0,8.75304090944263,13.00908,77.63208,53.6252,-1.1389544214648006,25.935467213449854,True
562,-6,0.0,8.768739789499827,13.00902,77.63202,53.6258,-1.609643274003599,25.93385757017585,True
563,-6,0.0,8.784561794552028,13.00896,77.63196,53.6264,-1.4763934831738363,25.932381176692676,True
564,-6,0.0,8.800505342411913,13.0089,77.6319,53.627,-1.4839421179704988,25.930897234574704,True
565,-6,0.0,8.816568838737982,13.008840000000001,77.63184,53.6276,-1.4756778670841884,25.92942155670762,True
566,-6,0.0,8.832750677193985,13.00878,77.63178,53.6282,-1.561972408053243,25.92785958429957,True
567,-6,0.0,8.849049239609567,13.00872,77.63172,53.6288,-1.6462071748666331,25.9262133771247,True
568,-6,0.0,8.865462896142063,13.00866,77.63166,53.6294,-1.1598860322471072,25.925053491092452,True
569,-6,-0.5,8.881990005439503,13.008600000000001,77.6316,53.63,-1.6753968914367479,25.923378094201016,True
570,-7,-0.5,8.898628914804725,13.00853,77.63153,53.6307,-1.8880571810809315,25.921490037019936,True
571,-7,0.0,8.915377960360662,13.008460000000001,77.63146,53.6314,-1.8770109984357413,25.9196130260215,True
572,-7,0.0,8.932235467216712,13.00839,77.63139,53.6321,-1.6499662457348179,25.917963059775765,True
573,-7,0.0,8.949199749636241,13.008320000000001,77.63132,53.6328,-1.598801933752663,25.916364257842012,True
574,-7,0.0,8.966269111205143,13.00825,77.63125,53.6335,-1.74630843587488,25.91461794940614,True
575,-7,0.0,8.983441845001483,13.008180000000001,77.63118,53.6342,-1.7864436943389725,25.9128315057118,True
576,-7,0.0,9.000716233766195,13.00811,77.63111,53.6349,-1.4567304430524097,25.911374775268747,True
577,-7,0.0,9.018090550074799,13.008040000000001,77.63104,53.6356,-1.8978429478190038,25.909476932320928,True
578,-7,0.0,9.035563056510137,13.00797,77.63097,53.6363,-1.7788527952950253,25.907698079525634,True
579,-7,-0.5,9.05313200583613,13.007900000000001,77.6309,53.637,-1.6474139212833376,25.906050665604347,True
580,-8,-0.5,9.070795641172486,13.00782,77.63082,53.6378,-1.950569439846947,25.904100096164502,True
581,-8,0.0,9.08855219617039,13.00774,77.63074,53.6386,-2.1291180643535967,25.90197097810015,True
582,-8,0.0,9.10639989518914,13.00766,77.63066,53.6394,-2.133859636945376,25.899837118463203,True
583,-8,0.0,9.124336953473707,13.00758,77.63058,53.6402,-2.242636926754515,25.897594481536448,True
584,-8,0.0,9.142361577333208,13.0075,77.6305,53.641,-2.1445607980653314,25.895449920738383,True
585,-8,0.0,9.160471964320282,13.00742,77.63042,53.6418,-2.42417862357067,25.893025742114812,True
586,-8,0.0,9.178666303411319,13.007340000000001,77.63034,53.6426,-1.732148921451163,25.89129359319336,True
587,-8,0.0,9.196942775187571,13.00726,77.63025999999999,53.6434,-2.297264109254958,25.888996329084108,True
588,-8,0.0,9.215299552017092,13.00718,77.63018,53.6442,-2.036140846623348,25.886960188237484,True
589,-8,-0.5,9.233734798237498,13.007100000000001,77.6301,53.645,-2.2640625542191275,25.884696125683263,True
590,-9,-0.5,9.252246670339527,13.007010000000001,77.63001,53.6459,-2.042729059696955,25.882653396623567,True
591,-9,0.0,9.270833317151396,13.006920000000001,77.62992,53.6468,-2.3742022994257943,25.880279194324142,True
592,-9,0.0,9.289492880023914,13.00683,77.62983,53.6477,-2.175075845192407,25.878104118478948,True
593,-9,0.0,9.308223493016342,13.00674,77.62974,53.6486,-2.467331583837012,25.87563678689511,True
594,-9,0.0,9.327023283082992,13.00665,77.62965,53.6495,-2.258791735968587,25.873377995159142,True
595,-9,0.0,9.345890370260518,13.00656,77.62956,53.6504,-2.720414884024763,25.870657580275118,True
596,-9,0.0,9.36482286785593,13.00647,77.62947,53.6513,-2.2037274074557764,25.868453852867663,True
597,-9,0.0,9.383818882635243,13.00638,77.62938,53.6522,-2.313518167544756,25.86614033470012,True
598,-9,0.0,9.402876515012812,13.00629,77.62929,53.6531,-2.503706738140896,25.863636627961977,True
599,-9,0.0,9.421993859241278,13.0062,77.6292,53.654,-2.2425068353797935,25.861394121126597,True
